{
  "project_info": {
    "project_number": "584491778927",
    "firebase_url": "https://chat-2759d.firebaseio.com",
    "project_id": "chat-2759d",
    "storage_bucket": "chat-2759d.appspot.com"
  },
  "client": [
    {
      "client_info": {
        "mobilesdk_app_id": "1:584491778927:android:989dac31c21662d8",
        "android_client_info": {
          "package_name": "com.erick.chat"
        }
      },
      "oauth_client": [
        {
          "client_id": "584491778927-r6mios1kplb81dnjsl9po3n956pvi82p.apps.googleusercontent.com",
          "client_type": 3
        }
      ],
      "api_key": [
        {
          "current_key": "AIzaSyAWEAYdr94xSSOwSHrTR-pE3BT0rOtNx1k"
        }
      ],
      "services": {
        "appinvite_service": {
          "other_platform_oauth_client": [
            {
              "client_id": "584491778927-r6mios1kplb81dnjsl9po3n956pvi82p.apps.googleusercontent.com",
              "client_type": 3
            }
          ]
        }
      }
    }
  ],
  "configuration_version": "1"
}